"product-block__title","product-price__item"
"Camiseta algodón orgánico - 
                  Negra","€25.00"
"Camiseta algodón orgánico - 
                  Blanca","€25.00"
"Camiseta algodón orgánico - 
                  Crudo","€25.00"
"Camiseta algodón orgánico - 
                  Gris Jaspeado","€25.00"
"Camiseta algodón orgánico - 
                  Lava Grey","€25.00"
"Camiseta algodón orgánico - 
                  Verde Oliva","€25.00"
"Camiseta algodón orgánico - 
                  Azul","€25.00"
"Camiseta algodón orgánico - 
                  Navy Blue","€25.00"
"Camiseta algodón orgánico - 
                  Verde Oscuro","€25.00"
"Camiseta algodón orgánico - 
                  Marrón Chocolate","€25.00"
"Camiseta algodón orgánico - 
                  Burdeos","€25.00"
"Camiseta algodón orgánico - 
                  Azul Claro","€25.00"
"Camiseta algodón orgánico - Pack 3 uds","€72.00"
"Camiseta algodón orgánico - Pack 5 uds","€115.00"
"Camiseta algodón orgánico - Pack 7 uds","€154.00"
"Camiseta oversize algodón orgánico - 
                  Negra","€25.00"
"Camiseta oversize algodón orgánico - 
                  Blanca","€25.00"
"Camiseta oversize algodón orgánico - 
                  Lavagrey","€25.00"
"Camiseta oversize algodón orgánico - 
                  Navyblue","€25.00"
"Pack Camiseta Oversize Algodón Orgánico x3","€72.00"
"Pack Camiseta Oversize Algodón Orgánico x5","€115.00"
"Pack Camiseta Oversize Algodón Orgánico x7","€154.00"
"Polo piqué algodón orgánico - 
                  Negro","€50.00"
"Polo piqué algodón orgánico - 
                  Verde Oliva","€50.00"
"Polo piqué algodón orgánico - 
                  Crudo Evory","€50.00"
"Polo piqué algodón orgánico - 
                  Navy Blue","€50.00"
"Polo piqué algodón orgánico - Pack 3 uds","€140.00"
"Camiseta algodón orgánico manga larga - 
                  Negra","€30.00"
"Camiseta algodón orgánico manga larga - 
                  Verde Oliva","€30.00"
"Camiseta algodón orgánico manga larga - 
                  Blanca","€30.00"
"Camiseta algodón orgánico manga larga x3","€80.00"